,UserScreenName,UserName,Timestamp,Text,Embedded_text,Emojis,Comments,Likes,Retweets,Image link,Tweet URL
313,Supriya I WILL ASSURE 100 % FOLLOW BACK,,2022-02-25T06:33:09.000Z,"Supriya I WILL ASSURE 100 % FOLLOW BACK
Â·
Feb 25","Heartbreaking video of #Ukrainian Soldier 
Russia's Ukraine attack

#UkraineUnderAttack #PutinIsaWarCriminal #RussiaUkraineWar #UkraineRussia #UkraineInvasion
296
2,175
12.9K",ğŸ’ ğŸ’– ğŸ’– ğŸ’– ğŸ’”,296,"2,175",12.9K,[],https://twitter.com/Supriya404/status/1497097314158415872
314,Ukraine Updates,@WW3updated,2022-02-25T00:05:07.000Z,"Ukraine Updates
@WW3updated
Â·
Feb 25","A Ukrainian father bursts into tears as he says goodbye to his family before joining #Ukraine's Defence Forces amid the general mobilization due to #Russia's invasion.

#Ukraine
0:41
109.6K views
From 
Emiliano G. ArnÃ¡ez
24
185
726",ğŸš€,24,185,726,[],https://twitter.com/WW3updated/status/1496999665434304515
315,WORLD WAR 3 - RUSSIA vs Ukraine #2022,@WW32022,2022-02-25T20:01:35.000Z,"WORLD WAR 3 - RUSSIA vs Ukraine #2022
@WW32022
Â·
Feb 25","NATO chief Jens Stoltenberg:

- Over 100 jets on high alert in different locations
- Allies committed to continuing to provide support to Ukraine
- We will do what it takes to defend every ally

#Russia #Ukraine #NATO #JenStoltenberg
21
81
407",,21,81,407,[],https://twitter.com/WW32022/status/1497300766247342080
316,Ukraine Updates,@WW3updated,2022-02-25T00:05:07.000Z,"Ukraine Updates
@WW3updated
Â·
Feb 25","A Ukrainian father bursts into tears as he says goodbye to his family before joining #Ukraine's Defence Forces amid the general mobilization due to #Russia's invasion.

#Ukraine
109.6K views
0:04 / 0:43
From 
Emiliano G. ArnÃ¡ez
24
185
726",ğŸš€,24,185,726,[],https://twitter.com/WW3updated/status/1496999665434304515
317,James Banks #StandWithUkraine,@BanKsEsports,2022-02-25T03:51:06.000Z,"James Banks #StandWithUkraine
@BanKsEsports
Â·
Feb 25","This was sent to me by a friend I trust. They told me it was about an hour ago in Kyiv ! Something must be done to stop this! #UkraineInvasion
0:18
142.1K views
36
217
2,876",ğŸ˜” ğŸ’”,36,217,"2,876",[],https://twitter.com/BanKsEsports/status/1497056536090353666
318,Lizave,@Lizave_artist,2022-02-26T11:19:44.000Z,"Lizave
@Lizave_artist
Â·
11h","This is Kyiv, where I live. Russia invaded my country. It's a massive war in Ukraine. Ukrainian people are dying. I ask all people to share this information. Claim to help Ukraine from your governments. We need your help significantly. #WARINUKRAINE #RussianArmy
383
3,034
7,146",,383,"3,034","7,146",[],https://twitter.com/Lizave_artist/status/1497531825207627784
319,InfoSec Coydog,@NativeIndianDog,2022-02-26T16:26:12.000Z,"InfoSec Coydog
@NativeIndianDog
Â·
6h","Ukrainian stops to troll #RussianArmy APC thatâ€™s run out of fuel, offers to tow them back to Russia, then asks if they know where they are going (they say no) and then tells them to surrender because other Russians have surrendered because they had no idea where they were going:
172
2,066
6,879",,172,"2,066","6,879",[],https://twitter.com/NativeIndianDog/status/1497608948236513281
320,Free Ukraine Fuck Putin,@ukrainestream,2022-02-26T18:06:16.000Z,"Free Ukraine Fuck Putin
@ukrainestream
Â·
4h","This is how Dublin greeted the Russian ambassador.

#Ukraine #UkraineWar #UkraineUnderAttack #StopPutin
132
899
5,489",ğŸ‘†,132,899,"5,489",[],https://twitter.com/ukrainestream/status/1497634131777253377
321,Ø¯ÙˆØ¯ÙˆÙ„ Ø·Ù„Ø§,@LievanTem,2022-02-26T19:10:41.000Z,"Ø¯ÙˆØ¯ÙˆÙ„ Ø·Ù„Ø§
@LievanTem
Â·
3h","A captured Russian soldier is seen crying #Sumy #Ukraine #RussianArmy
133
295
1,129",,133,295,"1,129",[],https://twitter.com/LievanTem/status/1497650343257071617
322,RUSSIA vs Ukraine #2022,@W_W_32022,2022-02-26T17:27:14.000Z,"RUSSIA vs Ukraine #2022
@W_W_32022
Â·
5h","BREAKING: An protest in Tbilisi right now, 26th Feb 2022.

#Ukraine #Russia #Tbilisi
20
236
1,238",,20,236,"1,238",[],https://twitter.com/W_W_32022/status/1497624310046887936
323,Ukraine War SitRep,@UKRWarSitRep,2022-02-26T19:54:45.000Z,"Ukraine War SitRep
@UKRWarSitRep
Â·
3h","A captured major of the Russian army.

#Ukraine #UkraineWar #Russia #UkraineInvasion
0:19
73.7K views
90
193
1,092",,90,193,"1,092",[],https://twitter.com/UKRWarSitRep/status/1497661431847739393
324,issa,@issaeth,2022-02-26T20:35:33.000Z,"issa
@issaeth
Â·
2h","Ukraine soldiers captured a Russian major as pow #Ukraine #UkraineUnderAttack #UkraineRussiaWar #Kyiv #Russia
27
88
499",,27,88,499,[],https://twitter.com/issaeth/status/1497671701492080649
325,ukrayrussia,@ukrayrussia,2022-02-26T22:38:18.000Z,"ukrayrussia
@ukrayrussia
Â·
24m","The soldier is only 21 years old fighting for his country. He's the only one guarding the footbridge of Kyiv.

This is heartbreaking 

#UkraineUnderAttack #UkraineWar #UkrainRussiaWar Ukraine. Kyiv. Russia.
16
45
405",ğŸ˜© ğŸ’”,16,45,405,[],https://twitter.com/ukrayrussia/status/1497702593484627972
326,Ukraine News Now,@NewUkraineNews,2022-02-26T18:49:43.000Z,"Ukraine News Now
@NewUkraineNews
Â·
4h","Graphic: More Video of the Ambulance that was attacked by Russian Forces on route to a hospital: #UkraineUnderAttack #UkraineRussia
36
253
372",,36,253,372,[],https://twitter.com/NewUkraineNews/status/1497645064859881472
327,WORLD WAR 3 - RUSSIA vs Ukraine #2022,@WW32022,2022-02-26T14:31:48.000Z,"WORLD WAR 3 - RUSSIA vs Ukraine #2022
@WW32022
Â·
8h","Live from Ireland: Dublin city centre making their feelings clear. 
Slava Ukraini (Glory to Ukraine)  

#Ukraine #Protest #Dublin #SlavaUkraini
10
242
1,093",,10,242,"1,093",[],https://twitter.com/WW32022/status/1497580159737774091
328,Tajamul Hussain,@Tajamul_huxainn,2022-02-26T21:00:08.000Z,"Tajamul Hussain
@Tajamul_huxainn
Â·
2h","Her Face says it all !! Be it Ukraine , Palestine , Kashmir or Afghanistan â€¦ No one deserves this .. NO ONE !! #RussiaUkraineWar #UkraineUnderAttack #UkraineWar #UkraineRussiaWar
0:37
33.4K views
8
60
249",,8,60,249,[],https://twitter.com/Tajamul_huxainn/status/1497677887029215233
329,Breaking News | Ukraine Russia War,@nowlatestnews,2022-02-26T09:20:21.000Z,"Breaking News | Ukraine Russia War
@nowlatestnews
Â·
13h","A video of many Russian vehicles that were annihilated by Ukrainian defenders

 #russia #ukraine
90
650
2,912",,90,650,"2,912",[],https://twitter.com/nowlatestnews/status/1497501780401598467
330,Eric Bowen,@scrappydog,2022-02-26T15:52:26.000Z,"Eric Bowen
@scrappydog
Â·
7h","Making tank traps and Molotov cocktailsâ€¦
Red Dawn energy #Ukraine #SlavaUkraini #Wolverines
From 
Ukraine Live
34
325
1,598",,34,325,"1,598",[],https://twitter.com/scrappydog/status/1497600450664624128
331,à¤œà¤¼à¤¿à¤‚à¤¦à¤¾ Democracy,@ZindaDemocracy,2022-02-26T09:19:42.000Z,"à¤œà¤¼à¤¿à¤‚à¤¦à¤¾ Democracy
@ZindaDemocracy
Â·
13h","#Zelensky addressed the people. ""Good morning everybody. Do not believe fake news. I am here. We will not lay down our weapons. We will defend our state. Our weapons are our strength. This is our land. Our country. Our children. We will protect all of them.â€ #Ukraine #RussianArmy
43
467
2,097",,43,467,"2,097",[],https://twitter.com/ZindaDemocracy/status/1497501616177827844
332,ARKANGEL,@MACHINEGUNFATII,2022-02-26T20:13:04.000Z,"ARKANGEL
@MACHINEGUNFATII
Â·
2h","â€œWe are here to warmly receive our â€œbrothersâ€ from Russiaâ€

#Ukraine #UkraineUnderAttack #UkraineRussiaWar #UkraineWar
0:12
87.3K views
28
138
1,193",,28,138,"1,193",[],https://twitter.com/MACHINEGUNFATII/status/1497666044143407105
333,#STOPWAR,@kraloyunsa,2022-02-26T11:21:57.000Z,"#STOPWAR
@kraloyunsa
Â·
11h","A captured Russian soldier was seen crying after the public's reaction in the city of Sumy. The reason for this and many others is Putin.

#Kiev #Ukraine #StopRussia #UkraineUnderAttack #UkraineRussia #StandWithUkriane
From 
#STOPWAR
97
395
1,990",ğŸ”´,97,395,"1,990",[],https://twitter.com/kraloyunsa/status/1497532382647308288
334,Ukraine live,@berojag59060636,2022-02-26T17:33:36.000Z,"Ukraine live
@berojag59060636
Â·
5h","#Ukraine A captured Russian soldier was seen crying after the public's reaction in the city of Sumy. The reason for this and many others is Putin.  new scene

#Kiev #Ukraine #StopRussia #UkraineUnderAttack #UkraineRussia #StandWithUkriane
65
295
1,022",,65,295,"1,022",[],https://twitter.com/berojag59060636/status/1497625912388784129
335,RUSSIA vs Ukraine #2022,@W_W_32022,2022-02-26T19:08:43.000Z,"RUSSIA vs Ukraine #2022
@W_W_32022
Â·
3h","Ukrainian citizens throw Molotov cocktails at Russian vehicles. #Ukraine #UkraineRussiaWar #RussianArmy
21
161
930",,21,161,930,[],https://twitter.com/W_W_32022/status/1497649847704293377
336,THE GHOST OF KYIV,@theghostofkyiv_,2022-02-26T18:44:46.000Z,"THE GHOST OF KYIV
@theghostofkyiv_
Â·
4h","Interview with Sergiy Petroshenko, a 21 year old #Ukrainian soldier guarding this footbridge in Kyiv #Ukraine #RussiaUkraineWar #UkraineUnderAttack #UkraineInvasion #Russia
13
76
492",,13,76,492,[],https://twitter.com/theghostofkyiv_/status/1497643819822551040
337,Ukraine Video Updates,@StephenOmbaso,2022-02-26T21:43:46.000Z,"Ukraine Video Updates
@StephenOmbaso
Â·
1h","A fool will like and forget to retweet, an Idiot will ignore. Wise people will like, retweet and comment.
#Ukraine #UkraineUnderAttack #Kiev #RussiaUkraineWar #Kyiv #StopRussianAggression 
7
20
67",,7,20,67,[],https://twitter.com/StephenOmbaso/status/1497688866823811073
338,We Stand With Ukraine,@jogarcia618,2022-02-26T16:32:59.000Z,"We Stand With Ukraine
@jogarcia618
Â·
6h","Captured Russian soldier seen crying. Putin is responsible for the suffering of many Ukrainians and Russians. #Ukraine #UkraineUnderAttack #UkraineRussiaWar #RussiaUkraineWar
76
369
2,125",,76,369,"2,125",[],https://twitter.com/jogarcia618/status/1497610656115314695
339,UK is with EU,@ukiswitheu,2022-02-26T09:08:11.000Z,"UK is with EU
@ukiswitheu
Â·
13h","Tory James Heappey refuses to say if England will accept Ukrainian refugees

#UkraineUnderAttack
93
252
259",,93,252,259,[],https://twitter.com/ukiswitheu/status/1497498719138238467
340,ĞĞ½Ğ°ÑÑ‚Ğ°ÑÑ–Ñ,@anastasiakalyna,2022-02-26T22:24:54.000Z,"ĞĞ½Ğ°ÑÑ‚Ğ°ÑÑ–Ñ
@anastasiakalyna
Â·
38m","#Kyiv #Ukrania #PrayingForUkraine #BREAKING #NATO
#HelpUkraine
The radio reports that the assault is imminent, they ask us to seek shelter, it will be carnage, I no longer have a battery in my phone, I hope to be alive in the morning.
24
35
253",,24,35,253,[],https://twitter.com/anastasiakalyna/status/1497699220362776576
341,TK_Nala,@NalaThokozane,2022-02-26T07:27:32.000Z,"TK_Nala
@NalaThokozane
Â·
15h","NATO and the US must move out of Eastern Europe and this war will end. 

Putin is no mad man, he is responding to this aggressive military expansion by NATO and US. 

Western media will not tell u this. 

#UkraineRussiaConflict #UkraineRussiaWar
2:04
61.6K views
135
441
1,251",,135,441,"1,251",[],https://twitter.com/NalaThokozane/status/1497473387773390849
342,Dominic Miller,@DominicMillerCa,2022-02-26T15:41:18.000Z,"Dominic Miller
@DominicMillerCa
Â·
7h","To my fellow Canadians in Ottawa! Let's to this too!  #Russia #Ukraine
26
174
875",âœŠ ğŸ˜,26,174,875,[],https://twitter.com/DominicMillerCa/status/1497597651361177603
343,Nessa,@IntelNessa,2022-02-26T18:48:51.000Z,"Nessa
@IntelNessa
Â·
4h","BREAKING: The capital of Ukraine is under attack by Russian forces for the second night in a row.

#Ukraine #Russia #Kyiv
35
174
659",ğŸš©,35,174,659,[],https://twitter.com/IntelNessa/status/1497644849692037123
344,NewsReader,@NewsReaderYT,2022-02-26T00:51:16.000Z,"NewsReader
@NewsReaderYT
Â·
22h","""Take these seeds so sunflowers grow when you die here.""

A Ukrainian woman accosted a Russian invader in a viral clip. 

#RussiaUkraineWar #WWIII #Ukraine #UkraineUnderAttack
188
1,912
8,235",,188,"1,912","8,235",[],https://twitter.com/NewsReaderYT/status/1497373665658388484
345,Ukraine live,@berojag59060636,2022-02-26T14:10:32.000Z,"Ukraine live
@berojag59060636
Â·
8h","#Ukraine #Ukraine - 20220226 - #Kiev - An reported Ukrainian fighter jet fires an missile around 14.47 pm #UkraineWar
0:07
69K views
16
144
551",,16,144,551,[],https://twitter.com/berojag59060636/status/1497574806153490432
346,xxxxXantiXxxxx,@xx0XantiX0xx,2022-02-26T18:11:57.000Z,"xxxxXantiXxxxx
@xx0XantiX0xx
Â·
4h","Calls for an end to the war in Ukraine at a protest today outside the Russian embassy in Dublin, more #UkraineRussia #Hungary #Ukraine #UkraineUnderAttack #UkraineRussiaWar #RussianArmy #russianinvasion #Russian #RussiaInvadedUkraine #Ukrania
3
5",,,3,5,[],https://twitter.com/xx0XantiX0xx/status/1497635562051747840
347,THE GHOST OF KYIV,@theghostofkyiv_,2022-02-26T18:36:25.000Z,"THE GHOST OF KYIV
@theghostofkyiv_
Â·
4h","#Ukraineâ€™s heavyweight champion of the world Oleksandr Usyk with a powerful message to Vladimir Putin and the people of #Russia #RussiaUkraineWar #UkraineUnderAttack #UkraineInvasion
20
131",,,20,131,[],https://twitter.com/theghostofkyiv_/status/1497641717754851328
348,NicolÃ¡s FernÃ¡ndez,@nickfernandezz,2022-02-26T06:19:40.000Z,"NicolÃ¡s FernÃ¡ndez
@nickfernandezz
Â·
16h","Rocket launcher shooting at a Russian Jet

Lanza Cohetes dispara a Jet Ruso

#UkraineRussia 
#Guerra 
#RussiaUkraineConflict 
#RussianArmy 
#UkraineUnderAttack 
#UkraineConflict
11
35
134",,11,35,134,[],https://twitter.com/nickfernandezz/status/1497456311595941888
349,THE GHOST OF KYIV,@theghostofkyiv_,2022-02-26T04:25:01.000Z,"THE GHOST OF KYIV
@theghostofkyiv_
Â·
18h","#Ukrainian soldier embraces his family before leaving to fight for his country #Ukraine #UkraineInvasion #RussiaUkraineWar #Russia
14
123
654",,14,123,654,[],https://twitter.com/theghostofkyiv_/status/1497427458005499905
350,kaia,@skai120,2022-02-26T12:56:59.000Z,"kaia
@skai120
Â·
10h","This is my favorite video so far!! 

#ukraine #UkraineUnderAttack #putin #russia #UkraineWar #kiev #russianinvasion
24
194
919",ğŸ˜‚ ğŸ˜‚,24,194,919,[],https://twitter.com/skai120/status/1497556299009122309
351,Russia-Ukraine Latest News,@RussiaUkraineNs,2022-02-26T20:32:47.000Z,"Russia-Ukraine Latest News
@RussiaUkraineNs
Â·
2h","A captured major of the Russian army.

#Ukraine #Russia #Putin #NATO #Kyiv
0:20
42.9K views
48
104
536",,48,104,536,[],https://twitter.com/RussiaUkraineNs/status/1497671004726116352
352,RUSSIA vs Ukraine #2022,@W_W_32022,2022-02-26T18:30:14.000Z,"RUSSIA vs Ukraine #2022
@W_W_32022
Â·
4h","Fighting on the streets of #Kyiv earlier today 

#UkraineUnderAttack #UkraineRussiaWar #UkraineWar
1
23
87",,1,23,87,[],https://twitter.com/W_W_32022/status/1497640163723206660
353,Ukraine live,@berojag59060636,2022-02-26T17:22:20.000Z,"Ukraine live
@berojag59060636
Â·
5h","#Ukraine This is what happened after Russians hit a civilian building in Kiev.
Ukrainians, resist! 
#Ukrayna #Kiev
#UkraineWar #UkraineUnderAttack #UkraineRussiaConflict
9
108
419",,9,108,419,[],https://twitter.com/berojag59060636/status/1497623075021492226
354,issa,@issaeth,2022-02-26T21:02:48.000Z,"issa
@issaeth
Â·
2h","++ UPDATE ++ 
Air Sirens going off in Kyev at this moment! #Ukraine #UkraineUnderAttack #UkraineRussiaWar #Kyiv #Russia
8
42
186",,8,42,186,[],https://twitter.com/issaeth/status/1497678557610496006
355,Ishha,@Ishha14,2022-02-26T18:46:56.000Z,"Ishha
@Ishha14
Â·
4h"," shooting in Kiev #Kiev #RussianArmy #Russian
0:18
7,008 views
2
6
15",,2,6,15,[],https://twitter.com/Ishha14/status/1497644366369751042
356,THE GHOST OF KYIV,@theghostofkyiv_,2022-02-26T18:43:19.000Z,"THE GHOST OF KYIV
@theghostofkyiv_
Â·
4h","#Ukrainianâ€™s making Molotov cocktails and tank traps #Ukraine #RussiaUkraineWar #UkraineUnderAttack #UkraineInvasion #Russia
1
18
102",,1,18,102,[],https://twitter.com/theghostofkyiv_/status/1497643456633532417
357,Ukraine live,@berojag59060636,2022-02-26T16:36:58.000Z,"Ukraine live
@berojag59060636
Â·
6h","#Ukraine #Ukraine How the Ukrainian army deals with the russian military on its land.
#UkraineRussiaWar #Ukrainian #RussiaInvadesUkraine #UkraineRussia #UkraineUnderAttack
37
194
870",,37,194,870,[],https://twitter.com/berojag59060636/status/1497611661212934144
358,We stand with Ukraine,@Westandwith2,2022-02-26T10:39:23.000Z,"We stand with Ukraine
@Westandwith2
Â·
12h","Russian occupation is threatening millions in Eastern #Ukraine. We stand with the Ukraine and we need you to stand with us. Follow us.
Ukrainian kiev #UkraineUnderAttack  #UkraineWar #UkraineInvasion
From 
R.09
1
29
66",,1,29,66,[],https://twitter.com/Westandwith2/status/1497521668641767429
359,Ukraine live,@berojag59060636,2022-02-26T02:55:57.000Z,"Ukraine live
@berojag59060636
Â·
20h","#Ukraine Ukrainians let a captured Russian soldier to call his parents and inform them #Ukraine #Russia #Putin #Kiev #UkraineRussia #UkraineUnderAttack #UkraineRussiaWar
0:44
119.8K views
51
217
1,087",,51,217,"1,087",[],https://twitter.com/berojag59060636/status/1497405043292528640
360,RealestWar,@RealestWar,2022-02-26T19:06:54.000Z,"RealestWar
@RealestWar
Â·
3h","Ukrainian guys say â€Russians gonna dieâ€ #Kyiv   #UkraineUnderAttack   #Ukraine   #ukrainewar   #UkraineRussiaWar   #UkraineInvasion   #UkraineRussie
1
4
11",,1,4,11,[],https://twitter.com/RealestWar/status/1497649389678039046
361,Victoria Jacobs,@victoire_jacobs,2022-02-26T14:07:35.000Z,"Victoria Jacobs
@victoire_jacobs
Â·
8h","Ukrainian civilians capture group of #Russia|n special forces hiding in a basement. There was a shoot-out between them overnight.
#Ukraine #UkraineWar
5
42
130",,5,42,130,[],https://twitter.com/victoire_jacobs/status/1497574063623090183
362,Russia-Ukraine Latest News,@RussiaUkraineNs,2022-02-26T12:38:48.000Z,"Russia-Ukraine Latest News
@RussiaUkraineNs
Â·
10h","Thousands of people  in Helsinki, Finland chanting â€œWe want peace, help Ukraineâ€. 
#StandWithUkraine #Ukraine #Russia #Putin #NATO #Kyiv
8
188
945",,8,188,945,[],https://twitter.com/RussiaUkraineNs/status/1497551723207938052
363,Amadu wurrie Jalloh,@AmaduwurrieJa11,2022-02-26T15:14:30.000Z,"Amadu wurrie Jalloh
@AmaduwurrieJa11
Â·
7h"," #BREAKING Big action of support Ukraine in the center of the Estonian capital. #Ukrania #Kyiv #Russia
0:12
27.8K views
5
48
275",ğŸ”´,5,48,275,[],https://twitter.com/AmaduwurrieJa11/status/1497590907541102595
364,Nessa,@IntelNessa,2022-02-26T19:15:12.000Z,"Nessa
@IntelNessa
Â·
3h","NEW: Russian Mi-24 helicopter shot down in Ukraine.

#Ukraine #Russia #UkraineRussia
16
79
419",ğŸš©,16,79,419,[],https://twitter.com/IntelNessa/status/1497651479901097989
365,Nessa,@IntelNessa,2022-02-26T18:25:57.000Z,"Nessa
@IntelNessa
Â·
4h","NEW: Molotov cocktails are thrown at Russian vehicles in Lutsk, Ukraine.

#Ukraine #Russia #UkraineUnderAttack
27
146
1,037",ğŸš©,27,146,"1,037",[],https://twitter.com/IntelNessa/status/1497639086961614850
366,Ghost of KyÃ¯v,@J1Cup,2022-02-26T19:06:44.000Z,"Ghost of KyÃ¯v
@J1Cup
Â·
3h","This dude, The Ghost of Kyiv! #Ukraine  #UkraineRussiaWar
17
49
514",,17,49,514,[],https://twitter.com/J1Cup/status/1497649348007636997
367,UATV English,@UATV_en,2022-02-26T16:32:03.000Z,"UATV English
@UATV_en
Â·
6h","#Helsinki today! #Finland  stands with #Ukraine 
People sing Ukraine's anthem in solidarity with Ukrainians
#StandWithUkraine #StopRussianAggression #UkraineUnderAttack #StopPutin
1
78
286",,1,78,286,[],https://twitter.com/UATV_en/status/1497610420345090053
368,RickieLeakz,@rickieleakz,2022-02-26T10:40:04.000Z,"RickieLeakz
@rickieleakz
Â·
12h","Ukrainians gathering in Warsaw, Poland chanting â€œthank youâ€ directed toward Poland for announcing that the country will receive all Ukrainian refugees that need protection. #Ukraine #Russia #UkraineUnderAttack
32
226
1,770",,32,226,"1,770",[],https://twitter.com/rickieleakz/status/1497521843795812352
369,News Ukraine,@newsukraine_,2022-02-26T14:54:29.000Z,"News Ukraine
@newsukraine_
Â·
8h","Russian plane
#Ukraine #UkraineWar
0:33
53K views
12
79
442",,12,79,442,[],https://twitter.com/newsukraine_/status/1497585869271752709
370,EthanPlaysLive,@ethanplayslive,2022-02-26T01:26:46.000Z,"EthanPlaysLive
@ethanplayslive
Â·
21h","This Ukrainian soldier's balls-to-the-wall message to the invading Russian army is epic.

#StandWithUkriane #UkraineUnderAttack
#DefeatPutin
28
372
1,817",,28,372,"1,817",[],https://twitter.com/ethanplayslive/status/1497382600301858821
371,ĞœĞ¸ Ñ‚ÑƒÑ‚ Ğ·Ğ½Ğ°Ñ‡Ğ¸Ñ‚ÑŒ Ğ¾Ğ±Ğ¸Ñ€Ğ°Ğ»Ğ¸ Ğ²ÑÑ–Ğ¼ Ğ½Ğ°Ñ€Ğ¾Ğ´Ğ¾Ğ¼,@red_brin121,2022-02-26T00:18:15.000Z,"ĞœĞ¸ Ñ‚ÑƒÑ‚ Ğ·Ğ½Ğ°Ñ‡Ğ¸Ñ‚ÑŒ Ğ¾Ğ±Ğ¸Ñ€Ğ°Ğ»Ğ¸ Ğ²ÑÑ–Ğ¼ Ğ½Ğ°Ñ€Ğ¾Ğ´Ğ¾Ğ¼
@red_brin121
Â·
22h","This is how the Russian ambassador in #Dublin now commutes to work

 Thanks to everyone who supports outside of Ukraine
#Ukriane #UkraineRussiaWar
26
134
837",â¤,26,134,837,[],https://twitter.com/red_brin121/status/1497365359204122629
372,Ukraine live,@berojag59060636,2022-02-26T14:16:57.000Z,"Ukraine live
@berojag59060636
Â·
8h","In Kyiv, a saboteur was detained, whose task was to organize arson in the city.

-
-
-
-
#UkraineUnderAttack #Ukraine #RussiaUkraineWar #russianinvasion #Kyiv
10
91
286",,10,91,286,[],https://twitter.com/berojag59060636/status/1497576420994064391
373,The Lincoln Watchman,@LincolnWatchman,2022-02-26T10:56:27.000Z,"The Lincoln Watchman
@LincolnWatchman
Â·
12h","This Ukrainian says it all. You listening, 
@KremlinRussia_E
? 

#UkraineRussiaWar #UkraineInvasion #StandWithUkriane
0:07
11.1K views
4
124
430",ğŸ‘€,4,124,430,[],https://twitter.com/LincolnWatchman/status/1497525966796640256
374,Ukraine live,@berojag59060636,2022-02-26T17:28:08.000Z,"Ukraine live
@berojag59060636
Â·
5h","#Ukraine Tearful reunions at the Poland-Ukraine border.

#poland #Ukraine #UkraineRussia #UkraineUnderAttack
5
48
378",,5,48,378,[],https://twitter.com/berojag59060636/status/1497624537655279616
375,UKRAINE VS RUSSIA WORLD WAR 3 UPDATES,@UkraineWWIII,2022-02-26T04:09:13.000Z,"UKRAINE VS RUSSIA WORLD WAR 3 UPDATES
@UkraineWWIII
Â·
18h","#BREAKINGNEWS Kyiv Citizens right now fighting back Russian Tanks
#UkraineUnderAttack #Ukraine #Russia #UkraineRussia #UkraineInvasion
7
445
1,058",,7,445,"1,058",[],https://twitter.com/UkraineWWIII/status/1497423480861585415
376,RickieLeakz,@rickieleakz,2022-02-26T09:55:10.000Z,"RickieLeakz
@rickieleakz
Â·
13h","Meet 'Rambo', a pup guarding post with Ukranian soldiers. #Ukraine #Russia #UkraineResist
10
138
847",,10,138,847,[],https://twitter.com/rickieleakz/status/1497510543518838787
377,Î©,@w4rw4tcher,2022-02-26T12:00:07.000Z,"Î©
@w4rw4tcher
Â·
11h","Chechen units heading to Ukraine. #Ukraine #Chechen #Russia
0:15
252.9K views
1
213
534",,1,213,534,[],https://twitter.com/w4rw4tcher/status/1497541988576595968
378,Mansoor Nisar,@Mansoornisar123,2022-02-26T11:34:14.000Z,"Mansoor Nisar
@Mansoornisar123
Â·
11h","Russian soldiers captured by Ukrainian civilians... #UkraineRussiaWar #Ukraine #RussiaUkraineWar #Kiev
59
215
1,162",,59,215,"1,162",[],https://twitter.com/Mansoornisar123/status/1497535474667163651
379,WW3 updates,@DoginAdoptme1,2022-02-26T16:10:32.000Z,"WW3 updates
@DoginAdoptme1
Â·
6h","Zelensky Drinking Coffee In the front line.#Russia #Ukraine
8
14
231",,8,14,231,[],https://twitter.com/DoginAdoptme1/status/1497605005637038082
380,News 24/7,@Alexandr7_S,2022-02-26T13:17:04.000Z,"News 24/7
@Alexandr7_S
Â·
9h"," People rush under the tanks, they don't let them in!!! #news #war #Ukraine #RussiaUkraineConflict #UkraineWar
4
63
152",ğŸ˜³ ğŸ˜³ ğŸ˜³,4,63,152,[],https://twitter.com/Alexandr7_S/status/1497561353485230080
381,We Stand With Ukraine,@jogarcia618,2022-02-26T05:14:13.000Z,"We Stand With Ukraine
@jogarcia618
Â·
17h","Ukrainian woman that confronted the Russian soldiers, she told them to put the seeds (sunflower seeds, national plant in Ukraine) in their pockets. She is fearless woman #Ukraine #UkraineRussia #UkraineUnderAttack #RussiaUkraineConflict
1:00
81.3K views
23
174
843",,23,174,843,[],https://twitter.com/jogarcia618/status/1497439838273998851
382,Updated Videos in Ukraine,@UpdatedUkraine,2022-02-26T15:24:56.000Z,"Updated Videos in Ukraine
@UpdatedUkraine
Â·
7h"," With sticks, irons and dozens of Molotov cocktails: Ukraine's residents are preparing to stop the Russians from occupying Kiev in any way possible. 

#Ukraine #Russia #War #Kyiv
29
111
778",âš ,29,111,778,[],https://twitter.com/UpdatedUkraine/status/1497593532487458816
383,Ukraine Under Attacks,@YuliiaMerkushe1,2022-02-26T11:07:28.000Z,"Ukraine Under Attacks
@YuliiaMerkushe1
Â·
11h","""Mom, dad, I didn't want to come here. They forced me.""  A couple more captured invaders near Kharkov, one of whom is ready to fight on the side of Ukraine.

#UkraineUnderAttack 
#UkraineRussiaWar 
#StopRussia
#UkraineInvasion 
#UkraineRussiaConflict
6
42
150",,6,42,150,[],https://twitter.com/YuliiaMerkushe1/status/1497528737386184712
384,WORLD WAR 3 - RUSSIA vs Ukraine #2022,@WW32022,2022-02-26T14:37:57.000Z,"WORLD WAR 3 - RUSSIA vs Ukraine #2022
@WW32022
Â·
8h","NOW: Russian rocket hits civilian building in Kyiv.

#Russia #Ukraine #Kyiv #RussianRockets
28
110
402",,28,110,402,[],https://twitter.com/WW32022/status/1497581708182437893
385,WORLD WAR 3 - RUSSIA vs Ukraine #2022,@WW32022,2022-02-26T15:19:52.000Z,"WORLD WAR 3 - RUSSIA vs Ukraine #2022
@WW32022
Â·
7h","Wladimir Klitschko sends a message to the world: â€œSTOP THE WAR THAT RUSSIA HAS STARTEDâ€.

#WladimirKlitschko #StoptheWar #Russia #Ukraine #RussiaUkraineWar #RussiaUkraineConflict
22
153
739",,22,153,739,[],https://twitter.com/WW32022/status/1497592254499893251
386,Al' Minhaaj,@minhaaaju,2022-02-26T08:01:55.000Z,"Al' Minhaaj
@minhaaaju
Â·
15h","Ukrainian soldier shows the badges he took from the Russian soldiers when killed  !

#UkraineWar #Ukraine #UkraineRussiaCrisis #UkraineUnderAttack #RussiaUkraineWar
0:25
66.9K views
8
79
596",âœŠ,8,79,596,[],https://twitter.com/minhaaaju/status/1497482041159720962
387,Hussein Naaji,@HusseinNajji,2022-02-26T04:35:27.000Z,"Hussein Naaji
@HusseinNajji
Â·
18h","Kyiv Citizens right now fighting back Russian Tanks
#UkraineUnderAttack #Ukraine #Russia #UkraineRussia #UkraineInvasion
30
93
507",,30,93,507,[],https://twitter.com/HusseinNajji/status/1497430085078560774
388,We Stand With Ukraine,@jogarcia618,2022-02-26T00:57:50.000Z,"We Stand With Ukraine
@jogarcia618
Â·
22h","We finally have an image of the legendary â€œGhost of Kyivâ€, long live this legend! #Ukraine
#UkraineRussiaConflict
#UkraineUnderAttack #UkraineWar
#RussiaUkraineWar
65
432
3,543",,65,432,"3,543",[],https://twitter.com/jogarcia618/status/1497375318126075910
389,Russia-Ukraine Latest News,@RussiaUkraineNs,2022-02-26T03:40:09.000Z,"Russia-Ukraine Latest News
@RussiaUkraineNs
Â·
19h","Pres. Volodymyr Zelensky drinks coffee in his military base defending the capital, Kiev against Russians.
NO PRESIDENT HAS EVER DONE THIS! 

 #Ukraine #Russia #Kiyv #UkraineRussia #UkraineUnderAttack #UkraineWar
22
178
1,032",ğŸ˜± â¤,22,178,"1,032",[],https://twitter.com/RussiaUkraineNs/status/1497416167585366018
390,THE GHOST OF KYIV,@theghostofkyiv_,2022-02-26T06:58:23.000Z,"THE GHOST OF KYIV
@theghostofkyiv_
Â·
16h","#Ukraine capital Kyiv right now #UkraineInvasion #UkraineRussiaWar #UkraineUnderAttack #Russia
0:24
38.5K views
4
67
295",,4,67,295,[],https://twitter.com/theghostofkyiv_/status/1497466052304723973
391,OPTIMUS PRIME,@AbuYasser1273,2022-02-26T04:13:30.000Z,"OPTIMUS PRIME
@AbuYasser1273
Â·
18h","#KIEV at sunrise today
1
14
32",,1,14,32,[],https://twitter.com/AbuYasser1273/status/1497424561264074753
392,Lesia Vasylenko,@lesiavasylenko,2022-02-26T20:05:34.000Z,"Lesia Vasylenko
@lesiavasylenko
Â·
2h","15 air strikes on #Kyiv alone in less than 72 hours. Tonight will be tough. Maybe toughest. #Russia attacks from the sky many cities at a time. More people go down to the metro. More soldiers come out patrolling the streets.#Ukraineâ€™s new normal
66
856
1,401",,66,856,"1,401",[],https://twitter.com/lesiavasylenko/status/1497664155289014272
393,Vassko,@vassko,2022-02-26T11:58:20.000Z,"Vassko
@vassko
Â·
11h","Another 18 year old kid that has no clue what he is doing in Ukraine  classic Putin 101. #ukraine Russia army #russia
9
71
190",â¤ ğŸ¤¬,9,71,190,[],https://twitter.com/vassko/status/1497541537554599938
394,ğŸ…»-ğŸ†ƒğŸ…´ğŸ…¼,@L_Team10,2022-02-26T13:41:42.000Z,"ğŸ…»-ğŸ†ƒğŸ…´ğŸ…¼
@L_Team10
Â·
9h","#Belarus: Transportation of heavy military equipment spotted today (February 26) in Brest, ~ 10 km from the border with  #Poland
#Russia is challenging  openly #NATO
299
592",ğŸ…° â­• ğŸ‘‰,,299,592,[],https://twitter.com/L_Team10/status/1497567550292598786
395,WORLD WAR 3 - RUSSIA vs Ukraine #2022,@WW32022,2022-02-26T15:47:38.000Z,"WORLD WAR 3 - RUSSIA vs Ukraine #2022
@WW32022
Â·
7h","A downed Russian plane is on fire shot down by Ukraine Army. 

#Ukraine #Russia #UkraineArmy #RussiaPlane
46
214
984",,46,214,984,[],https://twitter.com/WW32022/status/1497599245171503105
396,Russia-Ukraine Latest News,@RussiaUkraineNs,2022-02-26T16:15:39.000Z,"Russia-Ukraine Latest News
@RussiaUkraineNs
Â·
6h","Ukrainian President Volodymyr Zelensky vows to stay and fight the Russian invaders.
""I am here. We will not lay down any weapons. We will defend our state, because our weapons are our truth,"" 
#Ukraine #Russia #Putin #NATO #Kyiv
0:37
33.3K views
12
82
493",,12,82,493,[],https://twitter.com/RussiaUkraineNs/status/1497606296597823489
397,The RAGE X,@theragex,2022-02-26T08:32:55.000Z,"The RAGE X
@theragex
Â·
14h","Kiev security forces detained another group of saboteurs .

#Kiev
96
276",,,96,276,[],https://twitter.com/theragex/status/1497489842489462789
398,HAMDAN URDU NEWS,@waheedfalaksher,2022-02-26T08:11:50.000Z,"HAMDAN URDU NEWS
@waheedfalaksher
Â·
14h","#Russians firing missiles into #Ukraine.

#WorldWarIII #RussiaUkraineConflict h
#Ukraine #UkraineWar #UkraineRussiaWar
69
237",ğŸ‘€,,69,237,[],https://twitter.com/waheedfalaksher/status/1497484536548106241
399,RickieLeakz,@rickieleakz,2022-02-26T09:53:54.000Z,"RickieLeakz
@rickieleakz
Â·
13h","Ukrainian President Zelenskyy after Kyiv survived a full on assault by Russian forces tonight, announces he is right here in the city and is not going anywhere. #Ukraine #Russia #UkraineRussiaWar
7
71
491",,7,71,491,[],https://twitter.com/rickieleakz/status/1497510223950589952
400,THE GHOST OF KYIV,@theghostofkyiv_,2022-02-26T06:08:46.000Z,"THE GHOST OF KYIV
@theghostofkyiv_
Â·
16h","Vlad Zadorin is one of the 13 #Ukrainian service members who lost their lives on Snake Island IG Bublichek99 #RussiaUkraineWar #UkraineInvasion #Ukraine #Russia
2
47
258",,2,47,258,[],https://twitter.com/theghostofkyiv_/status/1497453569447895045
401,Beau,@james1roob,2022-02-26T07:27:28.000Z,"Beau
@james1roob
Â·
15h","Ukrainian soldier shoots down a warplane alone....we all stand by the Ukrainian people#Ukraine #UkraineUnderAttack #UkraineRussia #UkraineRussiaWar #ukrainewarreport
0:28
53.6K views
16
68
523",ğŸ’”,16,68,523,[],https://twitter.com/james1roob/status/1497473374464843776
402,ğŸ…»-ğŸ†ƒğŸ…´ğŸ…¼,@L_Team10,2022-02-26T13:46:39.000Z,"ğŸ…»-ğŸ†ƒğŸ…´ğŸ…¼
@L_Team10
Â·
9h","#Turkey bans #Russia|n warships from entering the Black Sea
 We estimated that Russia will respond very hard on this. 
A completely new chapter on this war  begun!
1
108
242",ğŸ…° â­• ğŸ‘‰ ğŸ‘‰,1,108,242,[],https://twitter.com/L_Team10/status/1497568796927832069
403,bigSACâ„¢,@bigSAC10,2022-02-26T02:28:02.000Z,"bigSACâ„¢
@bigSAC10
Â·
20h","A motorist in Kherson survives a traumatic near-death experience when a Russian shell lands very close to his vehicle. Russia is lying about not targeting civilians. Theyâ€™re trying to break Ukraineâ€™s morale. #ukrainewar #russianinvasion #slaviaukraini #putinisawarcriminal
12
161
704",,12,161,704,[],https://twitter.com/bigSAC10/status/1497398017376153600
404,Intel Rogue,@IntelRogue,2022-02-26T08:28:46.000Z,"Intel Rogue
@IntelRogue
Â·
14h","Russian military in Sumy. They are giving up.
#Ukraine #Russia #Sumy
From 
Ğ— Ğ²Ğ¸ÑĞ¾Ñ‚Ğ¸ Ğ²Ğ¸Ğ´Ğ½Ñ–ÑˆĞµ
18
157
739",ğŸ‘,18,157,739,[],https://twitter.com/IntelRogue/status/1497488798426570755
405,Intel Rogue,@IntelRogue,2022-02-26T08:28:46.000Z,"Intel Rogue
@IntelRogue
Â·
14h","Russian military in Sumy. They are giving up.
#Ukraine #Russia #Sumy
0:05
133.9K views
From 
Ğ— Ğ²Ğ¸ÑĞ¾Ñ‚Ğ¸ Ğ²Ğ¸Ğ´Ğ½Ñ–ÑˆĞµ
18
157
739",ğŸ‘,18,157,739,[],https://twitter.com/IntelRogue/status/1497488798426570755
406,Ø¥Ù…Ø¨Ø±Ø§Ø·ÙˆØ±ÙŠØ© Ø§Ù„ØºÙ…ÙˆØ¶,@mysteryempiire,2022-02-26T23:03:03.000Z,"Ø¥Ù…Ø¨Ø±Ø§Ø·ÙˆØ±ÙŠØ© Ø§Ù„ØºÙ…ÙˆØ¶
@mysteryempiire
Â·
41s","A strange creature appears in the forests of Russia

Video : https://youtu.be/4qKZNZfV6Gg

#UkraineUnderAttack",,,,,[],https://twitter.com/mysteryempiire/status/1497708819031461895
407,Flaco,@deltoro_flaco,2022-02-26T10:13:50.000Z,"Flaco
@deltoro_flaco
Â·
12h"," A message from Ukrainian soldiers
#Ğ£ĞºÑ€Ğ°Ñ—Ğ½Ğ° #UkraineRussiaWar #Soldiers #Ukraine
2
27
103",ğŸ¥,2,27,103,[],https://twitter.com/deltoro_flaco/status/1497515241780891651
408,MJ Augustine Vinod,@mjavinod,2022-02-26T06:22:11.000Z,"MJ Augustine Vinod
@mjavinod
Â·
16h","Anyone looking to meddle in #UkraineRussiaWar
Remember this
From 
Ğ‘Ñ€Ğ°Ñ‚
15
121
637",ğŸ‘†,15,121,637,[],https://twitter.com/mjavinod/status/1497456946034528257
409,KASÄ°DE,@zakkumec,2022-02-26T10:23:13.000Z,"KASÄ°DE
@zakkumec
Â·
12h","#UkraineRussiaWar President of Ukraine : Our Party Leader Is Here The head of the presidential office is here Prime Minister is here Defense minister here President's Advisor the president is here We are in Kyiv We are all here We protect our state and our independence.
0:31
82.6K views
18
194
1,638",,18,194,"1,638",[],https://twitter.com/zakkumec/status/1497517601328664580
410,maxim.sheaibâ„¢,@MaximSheaib,2022-02-26T19:56:26.000Z,"maxim.sheaibâ„¢
@MaximSheaib
Â·
3h","When a big fish is caught, boys will always be boys! Russian Army Major captured. 
#ukraine #UkraineWar #Russian
6
19
119",,6,19,119,[],https://twitter.com/MaximSheaib/status/1497661855124369412
411,SM Ali Abbas Bukhari,@smalinaqvi05,2022-02-26T08:55:06.000Z,"SM Ali Abbas Bukhari
@smalinaqvi05
Â·
14h","Communication of the citizens with the young Russian soldier who was captured in Sumy
#Russia
#RussiaUkraineWar #RussiaUkraineConflict
6
42
187",,6,42,187,[],https://twitter.com/smalinaqvi05/status/1497495428144713735
412,Hiba Javed,@HibaJaved10,2022-02-26T06:09:25.000Z,"Hiba Javed
@HibaJaved10
Â·
16h","DO YOU REALLY THINK THIS WAR WILL END WAR - STOP PUTIN NOW WHILE WE CAN #Ukraine #UkraineUnderAttack #UkraineRussia #UkraineRussiaWar #ukrainewarreport
0:18
100.9K views
37
141
645",ğŸ’”,37,141,645,[],https://twitter.com/HibaJaved10/status/1497453732237541378
413,,@0419R7264968959,2022-02-26T13:33:24.000Z,"@0419R7264968959
Â·
9h","""I am Russian too. Do you have any problems in your state?â€. Melitopol, a local resident is trying to talk to the Russian military. 

#Ukraine #UkraineUnderAttack
14
158",ğŸŒ´ ğŸŒŠ,,14,158,[],https://twitter.com/0419R7264968959/status/1497565464314236932
414,Megh Updates,@MeghBuIletin,2022-02-26T11:15:26.000Z,"Megh Updates
@MeghBuIletin
Â·
11h","Reportedly Russian Jet shot down in Zhytomyr region 

#UkraineUnderAttack
6
26",ğŸš¨,,6,26,[],https://twitter.com/MeghBuIletin/status/1497530741181140993
415,Ù†ÙˆØ± Ø§Ù„Ø§ÙˆÙƒØ±Ø§Ù†ÙŠÙ‡ #Ukraine,@Ukrainianfree66,2022-02-26T19:38:20.000Z,"Ù†ÙˆØ± Ø§Ù„Ø§ÙˆÙƒØ±Ø§Ù†ÙŠÙ‡ #Ukraine
@Ukrainianfree66
Â·
3h","And down they goâ€¦
#RussiaGoHome #StandWithUkraine 

#UkraineWar

#Zelensky
#Kiev
#UkraineUnderAttack
From 
olexander scherba
1
6
26",â¤,1,6,26,[],https://twitter.com/Ukrainianfree66/status/1497657302614118400
416,Ù†ÙˆØ± Ø§Ù„Ø§ÙˆÙƒØ±Ø§Ù†ÙŠÙ‡ #Ukraine,@Ukrainianfree66,2022-02-26T19:38:20.000Z,"Ù†ÙˆØ± Ø§Ù„Ø§ÙˆÙƒØ±Ø§Ù†ÙŠÙ‡ #Ukraine
@Ukrainianfree66
Â·
3h","And down they goâ€¦
#RussiaGoHome #StandWithUkraine 

#UkraineWar

#Zelensky
#Kiev
#UkraineUnderAttack
0:13
67.6K views
From 
olexander scherba
1
6
26",â¤,1,6,26,[],https://twitter.com/Ukrainianfree66/status/1497657302614118400
417,Ù†ÙˆØ± Ø§Ù„Ø§ÙˆÙƒØ±Ø§Ù†ÙŠÙ‡ #Ukraine,@Ukrainianfree66,2022-02-26T19:38:20.000Z,"Ù†ÙˆØ± Ø§Ù„Ø§ÙˆÙƒØ±Ø§Ù†ÙŠÙ‡ #Ukraine
@Ukrainianfree66
Â·
3h","And down they goâ€¦
#RussiaGoHome #StandWithUkraine 

#UkraineWar

#Zelensky
#Kiev
#UkraineUnderAttack
67.6K views
0:03 / 0:15
From 
olexander scherba
1
6
26",â¤,1,6,26,[],https://twitter.com/Ukrainianfree66/status/1497657302614118400
418,THE GHOST OF KYIV,@theghostofkyiv_,2022-02-26T07:00:38.000Z,"THE GHOST OF KYIV
@theghostofkyiv_
Â·
16h","#Ukrainian locals take down #Russian flag in Chaplinka, Kherson region #Ukraine #UkraineInvasion #RussiaUkraineWar #UkraineUnderAttack
2
13
95",,2,13,95,[],https://twitter.com/theghostofkyiv_/status/1497466618841944065
419,WORLD WAR 3 - RUSSIA vs Ukraine #2022,@WW32022,2022-02-26T14:14:05.000Z,"WORLD WAR 3 - RUSSIA vs Ukraine #2022
@WW32022
Â·
8h","Despite the Russian invasion , residents living their normal lives in Kyiv, Ukraine. 

#StandWithUkriane #solidarityWithUkraine #Ukraine #Russia #RussiaUkraine
0:58
91.4K views
32
194
1,218",,32,194,"1,218",[],https://twitter.com/WW32022/status/1497575701007908865
420,War in Ukraine,@4_Ukraine_,2022-02-26T15:23:41.000Z,"War in Ukraine
@4_Ukraine_
Â·
7h","""To all Ukrainians, who afraid of Chechens, don't be, they nothing, they jackals, they only have beards, We will shave them"" - message from #Ukraine soldier! 

#ukraine #ukrainian #UkraineRussia #UkraineUnderAttack #StopPutin #PutinIsaWarCriminal
16
78
539",,16,78,539,[],https://twitter.com/4_Ukraine_/status/1497593216539021317
421,Beau,@james1roob,2022-02-26T07:31:58.000Z,"Beau
@james1roob
Â·
15h","I am proud of every Ukrainian citizen...Victory and Glory to Ukraine
#Ukraine #UkraineUnderAttack #UkraineRussia #UkraineRussiaWar #ukrainewarreport
11
42
402",ğŸ’”,11,42,402,[],https://twitter.com/james1roob/status/1497474504896954368
422,WORLD WAR 3 - RUSSIA vs Ukraine #2022,@WW32022,2022-02-26T14:14:05.000Z,"WORLD WAR 3 - RUSSIA vs Ukraine #2022
@WW32022
Â·
8h","Despite the Russian invasion , residents living their normal lives in Kyiv, Ukraine. 

#StandWithUkriane #solidarityWithUkraine #Ukraine #Russia #RussiaUkraine
91.4K views
0:03 / 1:00
32
194
1,218",,32,194,"1,218",[],https://twitter.com/WW32022/status/1497575701007908865
423,Beau,@james1roob,2022-02-26T07:31:58.000Z,"Beau
@james1roob
Â·
15h","I am proud of every Ukrainian citizen...Victory and Glory to Ukraine
#Ukraine #UkraineUnderAttack #UkraineRussia #UkraineRussiaWar #ukrainewarreport
0:43
61.2K views
11
42
402",ğŸ’”,11,42,402,[],https://twitter.com/james1roob/status/1497474504896954368
424,Ukrain News,@UkraineNewsWar,2022-02-26T23:03:30.000Z,"Ukrain News
@UkraineNewsWar
Â·
28s","Ukrainian DOT and DMVs taking signs off all level highways to confuse and stall the Russian advance.

#Ukraine #Kyiv #UkraineUnderAttack #UkraineRussiaWar #UkraineWar 
@UkraineNewsWar
4",,,,4,[],https://twitter.com/UkraineNewsWar/status/1497708935603703811
425,We Stand With Ukraine,@jogarcia618,2022-02-26T20:18:10.000Z,"We Stand With Ukraine
@jogarcia618
Â·
2h","Ukrainian soldiers capture a Russian Army Major. They said â€œWelcome to Ukraineâ€ #UkraineWar #UkraineUnderAttack #UkraineRussiaWar #Kyiv
41
103
594",,41,103,594,[],https://twitter.com/jogarcia618/status/1497667324005916676
426,Artur Poliak,@artur_poliak,2022-02-26T22:11:59.000Z,"Artur Poliak
@artur_poliak
Â·
51m","#Kyiv #Ukrania #PrayingForUkraine #BREAKING 

The radio reports that the assault is imminent, they ask us to seek shelter, it will be a carnage, I no longer have a battery in my phone, I hope to be alive in the morning.
13
32
125",,13,32,125,[],https://twitter.com/artur_poliak/status/1497695967079845890
427,Ukrain News,@UkraineNewsWar,2022-02-26T23:03:30.000Z,"Ukrain News
@UkraineNewsWar
Â·
31s","Ukrainian DOT and DMVs taking signs off all level highways to confuse and stall the Russian advance.

#Ukraine #Kyiv #UkraineUnderAttack #UkraineRussiaWar #UkraineWar 
@UkraineNewsWar
4",,,,4,[],https://twitter.com/UkraineNewsWar/status/1497708935603703811
428,Artur Poliak,@artur_poliak,2022-02-26T22:11:59.000Z,"Artur Poliak
@artur_poliak
Â·
52m","#Kyiv #Ukrania #PrayingForUkraine #BREAKING 

The radio reports that the assault is imminent, they ask us to seek shelter, it will be a carnage, I no longer have a battery in my phone, I hope to be alive in the morning.
0:09
13.8K views
13
32
125",,13,32,125,[],https://twitter.com/artur_poliak/status/1497695967079845890
429,Artur Poliak,@artur_poliak,2022-02-26T22:11:59.000Z,"Artur Poliak
@artur_poliak
Â·
52m","#Kyiv #Ukrania #PrayingForUkraine #BREAKING 

The radio reports that the assault is imminent, they ask us to seek shelter, it will be a carnage, I no longer have a battery in my phone, I hope to be alive in the morning.
13.8K views
0:02 / 0:11
13
32
125",,13,32,125,[],https://twitter.com/artur_poliak/status/1497695967079845890
430,New News EU,@Newnews_eu,2022-02-26T08:49:26.000Z,"New News EU
@Newnews_eu
Â·
14h","There are images that the Russian army invading Ukraine is running out of fuel and food. (Liveumap)

 To the Russian soldier who ran out of gas on the highway, Ukrainian citizen:

""Shall I drop you off to Russia?""
#UkraineRussia #Ukraine #UkraineUnderAttack #UkraineWar #Russia
6
66
308",,6,66,308,[],https://twitter.com/Newnews_eu/status/1497494000902807563
431,feeling,@lionheartli,2022-02-26T08:13:11.000Z,"feeling
@lionheartli
Â·
14h","Ukrainian warrior VS Russian soldier. It is self-evident who will win!
#Ukraine #UkraineUnderAttack #UkraineRussia #UkraineWar #UkraineRussiaWar
1:02
69.8K views
19
75
561",,19,75,561,[],https://twitter.com/lionheartli/status/1497484876525621250
432,AEROSINT Division PSF,@PSFAERO,2022-02-26T08:31:00.000Z,"AEROSINT Division PSF
@PSFAERO
Â·
14h","The driver rolls up on the Russians, Russians say they are out of gas. The driver offers to tow them back to #Russia. 
Multiple videos on social media of Russian military out of fuel, food and stuck on highways in #Ukraine.
From 
Liveuamap
26
254
1,029",,26,254,"1,029",[],https://twitter.com/PSFAERO/status/1497489360383479819
433,feeling,@lionheartli,2022-02-26T08:13:11.000Z,"feeling
@lionheartli
Â·
14h","Ukrainian warrior VS Russian soldier. It is self-evident who will win!
#Ukraine #UkraineUnderAttack #UkraineRussia #UkraineWar #UkraineRussiaWar
69.8K views
0:03 / 1:03
19
75
561",,19,75,561,[],https://twitter.com/lionheartli/status/1497484876525621250
434,WORLD WAR 3 - RUSSIA vs Ukraine #2022,@WW32022,2022-02-26T15:09:22.000Z,"WORLD WAR 3 - RUSSIA vs Ukraine #2022
@WW32022
Â·
7h","A residential building in Kyiv was hit by a missile, the target was likely the nearby airport.

 #Ukraine #Russia #Kyiv #airport #missile
0:04
64.5K views
21
102
414",,21,102,414,[],https://twitter.com/WW32022/status/1497589615628333067
435,WORLD WAR 3 - RUSSIA vs Ukraine #2022,@WW32022,2022-02-26T15:09:22.000Z,"WORLD WAR 3 - RUSSIA vs Ukraine #2022
@WW32022
Â·
7h","A residential building in Kyiv was hit by a missile, the target was likely the nearby airport.

 #Ukraine #Russia #Kyiv #airport #missile
64.5K views
0:02 / 0:06
21
102
414",,21,102,414,[],https://twitter.com/WW32022/status/1497589615628333067
436,maheshprasad Upadhya,@maheshUpadhya1,2022-02-26T08:46:21.000Z,"maheshprasad Upadhya
@maheshUpadhya1
Â·
14h","DO YOU REALLY THINK THIS WAR WILL END WAR - STOP PUTIN NOW WHILE WE CAN #Ukraine #UkraineUnderAttack #UkraineRussia #UkraineRussiaWar #ukrainewarreport
Thatâ€™s from Palestine  not ukraine.
#worldwar3
14
61
302",ğŸ’”,14,61,302,[],https://twitter.com/maheshUpadhya1/status/1497493226206294016
437,Ukraine Updates Subhadip Roy,@Subharoyvila,2022-02-26T10:45:53.000Z,"Ukraine Updates Subhadip Roy
@Subharoyvila
Â·
12h"," #BREAKING : Moments when a Russian living in Ukraine gets angry with Russian soldiers:

""I'm Russian too, and I live here, fighting your own brothers.""

#Ukraine #Russia #Putin #NATO #Kyiv
#Kiev #UkraineUnderAttack
0:44
41.5K views
12
85
516",ğŸ”´,12,85,516,[],https://twitter.com/Subharoyvila/status/1497523307184214017
438,slaezy ÏŸ,@slaezy007,2022-02-26T00:04:15.000Z,"slaezy ÏŸ
@slaezy007
Â·
22h","Ukrainians let a captured Russian soldier to call his parents and inform them that he was a part of the invading army.  #Ukraine #Russia #Putin #Kiev
42
210
994",,42,210,994,[],https://twitter.com/slaezy007/status/1497361834973835264
439,ElFarahAnass,@ElFarahAnass,2022-02-26T18:13:41.000Z,"ElFarahAnass
@ElFarahAnass
Â·
4h","Replying to 
@EuropeReportEu
The complete video #Ukraine #russia #UkraineRussia
5
12
15",,5,12,15,[],https://twitter.com/ElFarahAnass/status/1497635997609246720
440,CHOPS,@Petepepper76,2022-02-26T06:43:43.000Z,"CHOPS
@Petepepper76
Â·
16h","#ukraine #ukrainewar #kyiv #kiev #ukrainerussiaconflict #breaking RUSSIA IS NOW TARGETING RESIDENTIAL HIGHRISES .
0:11
34K views
2
33
196",ğŸ´,2,33,196,[],https://twitter.com/Petepepper76/status/1497462365012561921
441,WORLD WAR 3 - RUSSIA vs Ukraine #2022,@WW32022,2022-02-26T15:34:45.000Z,"WORLD WAR 3 - RUSSIA vs Ukraine #2022
@WW32022
Â·
7h","Russian RAF aircraft (possibly MiG-29) spotted in the Kyiv region.

#RussianArmy #UkraineArmy #Russia #Ukraine #MIG29 #Kyiv
11
108
342",,11,108,342,[],https://twitter.com/WW32022/status/1497596002274004994
442,We Stand With Ukraine,@jogarcia618,2022-02-26T03:33:49.000Z,"We Stand With Ukraine
@jogarcia618
Â·
19h","ALLEGED video of the current situation in Kyiv as Russian forces enter the heart of Ukraine.. #Ukraine #UkraineUnderAttack #UkraineRussia #UkraineInvasion #UkraineWar
34
143
483",,34,143,483,[],https://twitter.com/jogarcia618/status/1497414572369752065
443,CHOPS,@Petepepper76,2022-02-26T06:43:43.000Z,"CHOPS
@Petepepper76
Â·
16h","#ukraine #ukrainewar #kyiv #kiev #ukrainerussiaconflict #breaking RUSSIA IS NOW TARGETING RESIDENTIAL HIGHRISES .
34K views
0:03 / 0:13
2
33
196",ğŸ´,2,33,196,[],https://twitter.com/Petepepper76/status/1497462365012561921
444,We Stand With Ukraine,@jogarcia618,2022-02-26T03:33:49.000Z,"We Stand With Ukraine
@jogarcia618
Â·
19h","ALLEGED video of the current situation in Kyiv as Russian forces enter the heart of Ukraine.. #Ukraine #UkraineUnderAttack #UkraineRussia #UkraineInvasion #UkraineWar
0:57
36.9K views
34
143
483",,34,143,483,[],https://twitter.com/jogarcia618/status/1497414572369752065
